Ticker,Strike,Bid,Ask,isPut,isFuture,BidSize,AskSize
SPX Index,0,2.055050e+03,2.056320e+03,0,0,0,0
ESM6 Index,0,2.048750e+03,2049,0,1,258,377
SPX US 6/17/2016 C300 Index,300,1.744800e+03,1.748600e+03,0,0,10,9
SPX US 6/17/2016 C400 Index,400,1645,1.648700e+03,0,0,12,9
SPX US 6/17/2016 C450 Index,450,1595,1.598800e+03,0,0,22,9
SPX US 6/17/2016 C500 Index,500,1.545100e+03,1.548900e+03,0,0,22,9
SPX US 6/17/2016 C550 Index,550,1.495100e+03,1.498900e+03,0,0,22,9
SPX US 6/17/2016 C600 Index,600,1.445200e+03,1449,0,0,22,9
SPX US 6/17/2016 C650 Index,650,1.395300e+03,1399,0,0,22,9
SPX US 6/17/2016 C700 Index,700,1.345300e+03,1349,0,0,9,12
SPX US 6/17/2016 C750 Index,750,1.295400e+03,1.299100e+03,0,0,9,22
SPX US 6/17/2016 C775 Index,775,1.270500e+03,1.274100e+03,0,0,9,12
SPX US 6/17/2016 C800 Index,800,1.245500e+03,1.249200e+03,0,0,9,22
SPX US 6/17/2016 C825 Index,825,1.220500e+03,1.224200e+03,0,0,9,22
SPX US 6/17/2016 C850 Index,850,1.195600e+03,1.199200e+03,0,0,9,22
SPX US 6/17/2016 C875 Index,875,1.170600e+03,1.174300e+03,0,0,9,22
SPX US 6/17/2016 C900 Index,900,1.145700e+03,1.149300e+03,0,0,9,22
SPX US 6/17/2016 C925 Index,925,1.120700e+03,1.124300e+03,0,0,9,12
SPX US 6/17/2016 C950 Index,950,1.095800e+03,1.099400e+03,0,0,9,22
SPX US 6/17/2016 C975 Index,975,1.070800e+03,1.074400e+03,0,0,9,22
SPX US 6/17/2016 C1000 Index,1000,1.045900e+03,1.049400e+03,0,0,9,12
SPX US 6/17/2016 C1025 Index,1025,1.020900e+03,1.024500e+03,0,0,9,22
SPX US 6/17/2016 C1050 Index,1050,996,9.996000e+02,0,0,9,22
SPX US 6/17/2016 C1075 Index,1075,971,9.746000e+02,0,0,9,22
SPX US 6/17/2016 C1100 Index,1100,9.461000e+02,9.497000e+02,0,0,9,22
SPX US 6/17/2016 C1120 Index,1120,9.261000e+02,9.297000e+02,0,0,21,22
SPX US 6/17/2016 C1125 Index,1125,9.212000e+02,9.247000e+02,0,0,9,22
SPX US 6/17/2016 C1140 Index,1140,9.062000e+02,9.098000e+02,0,0,9,22
SPX US 6/17/2016 C1150 Index,1150,8.962000e+02,8.998000e+02,0,0,9,22
SPX US 6/17/2016 C1160 Index,1160,8.863000e+02,8.898000e+02,0,0,9,22
SPX US 6/17/2016 C1175 Index,1175,8.713000e+02,8.749000e+02,0,0,9,22
SPX US 6/17/2016 P1175 Index,1175,5.000000e-02,5.500000e-01,1,0,1493,1515
SPX US 6/17/2016 C1180 Index,1180,8.663000e+02,8.699000e+02,0,0,9,22
SPX US 6/17/2016 P1180 Index,1180,5.000000e-02,5.500000e-01,1,0,1493,1514
SPX US 6/17/2016 C1200 Index,1200,8.464000e+02,8.499000e+02,0,0,9,22
SPX US 6/17/2016 P1200 Index,1200,1.000000e-01,6.000000e-01,1,0,1495,1515
SPX US 6/17/2016 C1210 Index,1210,8.364000e+02,840,0,0,9,22
SPX US 6/17/2016 P1210 Index,1210,1.000000e-01,6.000000e-01,1,0,1495,1513
SPX US 6/17/2016 C1220 Index,1220,8.265000e+02,830,0,0,9,22
SPX US 6/17/2016 P1220 Index,1220,1.500000e-01,6.500000e-01,1,0,1496,1516
SPX US 6/17/2016 C1225 Index,1225,8.215000e+02,825,0,0,9,22
SPX US 6/17/2016 P1225 Index,1225,1.500000e-01,6.500000e-01,1,0,1512,1512
SPX US 6/17/2016 C1230 Index,1230,8.165000e+02,820,0,0,9,22
SPX US 6/17/2016 P1230 Index,1230,1.500000e-01,6.500000e-01,1,0,1499,1500
SPX US 6/17/2016 C1240 Index,1240,8.065000e+02,8.101000e+02,0,0,9,22
SPX US 6/17/2016 P1240 Index,1240,1.500000e-01,7.000000e-01,1,0,1515,1500
SPX US 6/17/2016 C1250 Index,1250,7.966000e+02,8.001000e+02,0,0,9,10
SPX US 6/17/2016 C1260 Index,1260,7.866000e+02,7.901000e+02,0,0,9,10
SPX US 6/17/2016 P1260 Index,1260,2.000000e-01,7.500000e-01,1,0,1510,1500
SPX US 6/17/2016 C1270 Index,1270,7.766000e+02,7.802000e+02,0,0,9,10
SPX US 6/17/2016 P1270 Index,1270,2.500000e-01,7.500000e-01,1,0,1515,1500
SPX US 6/17/2016 C1275 Index,1275,7.717000e+02,7.752000e+02,0,0,9,10
SPX US 6/17/2016 P1275 Index,1275,2.500000e-01,7.500000e-01,1,0,1516,1500
SPX US 6/17/2016 C1280 Index,1280,7.667000e+02,7.702000e+02,0,0,9,10
SPX US 6/17/2016 P1280 Index,1280,2.500000e-01,8.000000e-01,1,0,1511,1500
SPX US 6/17/2016 C1290 Index,1290,7.567000e+02,7.602000e+02,0,0,9,10
SPX US 6/17/2016 P1290 Index,1290,3.000000e-01,8.000000e-01,1,0,1515,1500
SPX US 6/17/2016 C1300 Index,1300,7.468000e+02,7.503000e+02,0,0,9,10
SPX US 6/17/2016 P1300 Index,1300,3.000000e-01,8.500000e-01,1,0,1511,1500
SPX US 6/17/2016 C1310 Index,1310,7.368000e+02,7.403000e+02,0,0,21,22
SPX US 6/17/2016 P1310 Index,1310,3.500000e-01,8.500000e-01,1,0,1507,1500
SPX US 6/17/2016 C1320 Index,1320,7.269000e+02,7.304000e+02,0,0,22,9
SPX US 6/17/2016 P1320 Index,1320,4.000000e-01,9.000000e-01,1,0,1513,1499
SPX US 6/17/2016 C1325 Index,1325,7.219000e+02,7.254000e+02,0,0,22,21
SPX US 6/17/2016 P1325 Index,1325,4.000000e-01,9.000000e-01,1,0,1517,1499
SPX US 6/17/2016 C1330 Index,1330,7.167000e+02,7.204000e+02,0,0,22,9
SPX US 6/17/2016 P1330 Index,1330,4.000000e-01,9.000000e-01,1,0,1512,1499
SPX US 6/17/2016 C1335 Index,1335,712,7.154000e+02,0,0,11,9
SPX US 6/17/2016 P1335 Index,1335,4.500000e-01,9.500000e-01,1,0,1498,1499
SPX US 6/17/2016 C1340 Index,1340,7.069000e+02,7.104000e+02,0,0,22,9
SPX US 6/17/2016 P1340 Index,1340,4.500000e-01,9.500000e-01,1,0,1515,1499
SPX US 6/17/2016 C1345 Index,1345,702,7.055000e+02,0,0,22,9
SPX US 6/17/2016 P1345 Index,1345,4.500000e-01,9.500000e-01,1,0,1512,1487
SPX US 6/17/2016 C1350 Index,1350,697,7.005000e+02,0,0,10,9
SPX US 6/17/2016 P1350 Index,1350,5.000000e-01,1,1,0,1,1499
SPX US 6/17/2016 C1355 Index,1355,692,6.955000e+02,0,0,22,9
SPX US 6/17/2016 P1355 Index,1355,5.000000e-01,1,1,0,1516,1498
SPX US 6/17/2016 C1360 Index,1360,687,6.905000e+02,0,0,22,9
SPX US 6/17/2016 P1360 Index,1360,5.000000e-01,1,1,0,1512,1450
SPX US 6/17/2016 C1365 Index,1365,6.821000e+02,6.856000e+02,0,0,22,9
SPX US 6/17/2016 P1365 Index,1365,5.500000e-01,1.050000e+00,1,0,1491,1498
SPX US 6/17/2016 C1370 Index,1370,6.771000e+02,6.806000e+02,0,0,22,9
SPX US 6/17/2016 P1370 Index,1370,5.500000e-01,1.050000e+00,1,0,1515,1497
SPX US 6/17/2016 C1375 Index,1375,6.719000e+02,6.754000e+02,0,0,22,9
SPX US 6/17/2016 P1375 Index,1375,5.500000e-01,1.100000e+00,1,0,1516,1497
SPX US 6/17/2016 C1380 Index,1380,6.671000e+02,6.706000e+02,0,0,22,9
SPX US 6/17/2016 P1380 Index,1380,6.000000e-01,1.100000e+00,1,0,1503,1497
SPX US 6/17/2016 C1385 Index,1385,6.622000e+02,6.656000e+02,0,0,22,9
SPX US 6/17/2016 P1385 Index,1385,6.000000e-01,1.100000e+00,1,0,1514,1445
SPX US 6/17/2016 C1390 Index,1390,657,6.607000e+02,0,0,22,9
SPX US 6/17/2016 P1390 Index,1390,6.000000e-01,1.150000e+00,1,0,1512,1496
SPX US 6/17/2016 C1395 Index,1395,652,6.555000e+02,0,0,22,9
SPX US 6/17/2016 P1395 Index,1395,6.500000e-01,1.150000e+00,1,0,1514,1481
SPX US 6/17/2016 C1400 Index,1400,6.473000e+02,6.507000e+02,0,0,22,9
SPX US 6/17/2016 P1400 Index,1400,6.500000e-01,1.200000e+00,1,0,1512,1495
SPX US 6/17/2016 C1405 Index,1405,6.423000e+02,6.458000e+02,0,0,22,9
SPX US 6/17/2016 P1405 Index,1405,7.000000e-01,1.200000e+00,1,0,1464,1490
SPX US 6/17/2016 C1410 Index,1410,6.373000e+02,6.408000e+02,0,0,12,9
SPX US 6/17/2016 P1410 Index,1410,7.000000e-01,1.200000e+00,1,0,1514,1350
SPX US 6/17/2016 C1415 Index,1415,6.323000e+02,6.358000e+02,0,0,22,9
SPX US 6/17/2016 P1415 Index,1415,7.500000e-01,1.250000e+00,1,0,1412,1493
SPX US 6/17/2016 C1420 Index,1420,6.274000e+02,6.308000e+02,0,0,22,9
SPX US 6/17/2016 P1420 Index,1420,7.500000e-01,1.250000e+00,1,0,1514,1363
SPX US 6/17/2016 C1425 Index,1425,6.222000e+02,6.259000e+02,0,0,22,9
SPX US 6/17/2016 P1425 Index,1425,8.000000e-01,1.300000e+00,1,0,1332,1492
SPX US 6/17/2016 C1430 Index,1430,6.172000e+02,6.209000e+02,0,0,22,9
SPX US 6/17/2016 P1430 Index,1430,8.000000e-01,1.300000e+00,1,0,1497,1337
SPX US 6/17/2016 C1435 Index,1435,6.125000e+02,6.159000e+02,0,0,22,9
SPX US 6/17/2016 P1435 Index,1435,8.000000e-01,1.350000e+00,1,0,1512,1491
SPX US 6/17/2016 C1440 Index,1440,6.075000e+02,6.109000e+02,0,0,22,9
SPX US 6/17/2016 P1440 Index,1440,8.500000e-01,1.350000e+00,1,0,1470,1343
SPX US 6/17/2016 C1445 Index,1445,6.023000e+02,606,0,0,22,9
SPX US 6/17/2016 P1445 Index,1445,9.000000e-01,1.400000e+00,1,0,1268,1489
SPX US 6/17/2016 C1450 Index,1450,5.976000e+02,601,0,0,22,9
SPX US 6/17/2016 P1450 Index,1450,9.000000e-01,1.400000e+00,1,0,1452,1276
SPX US 6/17/2016 C1455 Index,1455,5.926000e+02,596,0,0,22,9
SPX US 6/17/2016 P1455 Index,1455,9.500000e-01,1.450000e+00,1,0,1302,1401
SPX US 6/17/2016 C1460 Index,1460,5.874000e+02,5.911000e+02,0,0,22,9
SPX US 6/17/2016 P1460 Index,1460,9.500000e-01,1.450000e+00,1,0,1435,1237
SPX US 6/17/2016 C1465 Index,1465,5.827000e+02,5.861000e+02,0,0,22,9
SPX US 6/17/2016 P1465 Index,1465,1,1.500000e+00,1,0,1322,1359
SPX US 6/17/2016 C1470 Index,1470,5.777000e+02,5.811000e+02,0,0,22,9
SPX US 6/17/2016 P1470 Index,1470,1,1.550000e+00,1,0,1406,1473
SPX US 6/17/2016 C1475 Index,1475,5.725000e+02,5.762000e+02,0,0,10,9
SPX US 6/17/2016 P1475 Index,1475,1.050000e+00,1.550000e+00,1,0,1348,1259
SPX US 6/17/2016 C1480 Index,1480,5.678000e+02,5.712000e+02,0,0,10,9
SPX US 6/17/2016 P1480 Index,1480,1.100000e+00,1.600000e+00,1,0,1191,1380
SPX US 6/17/2016 C1485 Index,1485,5.626000e+02,5.663000e+02,0,0,10,21
SPX US 6/17/2016 P1485 Index,1485,1.100000e+00,1.600000e+00,1,0,1362,1184
SPX US 6/17/2016 C1490 Index,1490,5.579000e+02,5.613000e+02,0,0,10,9
SPX US 6/17/2016 P1490 Index,1490,1.150000e+00,1.650000e+00,1,0,1288,1227
SPX US 6/17/2016 C1495 Index,1495,5.529000e+02,5.563000e+02,0,0,10,9
SPX US 6/17/2016 P1495 Index,1495,1.200000e+00,1.700000e+00,1,0,1146,1334
SPX US 6/17/2016 C1500 Index,1500,548,5.514000e+02,0,0,10,9
SPX US 6/17/2016 P1500 Index,1500,1.250000e+00,1.700000e+00,1,0,25,1147
SPX US 6/17/2016 C1505 Index,1505,543,5.464000e+02,0,0,10,9
SPX US 6/17/2016 P1505 Index,1505,1.250000e+00,1.750000e+00,1,0,1285,1137
SPX US 6/17/2016 C1510 Index,1510,5.378000e+02,5.415000e+02,0,0,10,9
SPX US 6/17/2016 P1510 Index,1510,1.300000e+00,1.800000e+00,1,0,1196,1214
SPX US 6/17/2016 C1515 Index,1515,5.331000e+02,5.365000e+02,0,0,10,9
SPX US 6/17/2016 P1515 Index,1515,1.300000e+00,1.850000e+00,1,0,1315,1282
SPX US 6/17/2016 C1520 Index,1520,5.281000e+02,5.315000e+02,0,0,10,9
SPX US 6/17/2016 P1520 Index,1520,1.350000e+00,1.900000e+00,1,0,1228,1307
SPX US 6/17/2016 C1525 Index,1525,5.232000e+02,5.266000e+02,0,0,10,9
SPX US 6/17/2016 P1525 Index,1525,1.400000e+00,1.900000e+00,1,0,1211,1080
SPX US 6/17/2016 C1530 Index,1530,5.182000e+02,5.216000e+02,0,0,10,9
SPX US 6/17/2016 P1530 Index,1530,1.450000e+00,1.950000e+00,1,0,1205,1053
SPX US 6/17/2016 C1535 Index,1535,5.133000e+02,5.167000e+02,0,0,10,9
SPX US 6/17/2016 P1535 Index,1535,1.500000e+00,2,1,0,1146,1076
SPX US 6/17/2016 C1540 Index,1540,5.083000e+02,5.117000e+02,0,0,10,9
SPX US 6/17/2016 P1540 Index,1540,1.550000e+00,2.050000e+00,1,0,1109,1103
SPX US 6/17/2016 C1545 Index,1545,5.032000e+02,5.068000e+02,0,0,10,9
SPX US 6/17/2016 P1545 Index,1545,1.600000e+00,2.100000e+00,1,0,1023,1133
SPX US 6/17/2016 C1550 Index,1550,4.985000e+02,5.018000e+02,0,0,10,9
SPX US 6/17/2016 P1550 Index,1550,1.600000e+00,2.150000e+00,1,0,1215,1119
SPX US 6/17/2016 C1555 Index,1555,4.933000e+02,4.969000e+02,0,0,10,9
SPX US 6/17/2016 P1555 Index,1555,1.650000e+00,2.200000e+00,1,0,1196,1103
SPX US 6/17/2016 C1560 Index,1560,4.886000e+02,4.919000e+02,0,0,10,9
SPX US 6/17/2016 P1560 Index,1560,1.700000e+00,2.250000e+00,1,0,1185,1076
SPX US 6/17/2016 C1565 Index,1565,4.834000e+02,4.868000e+02,0,0,10,9
SPX US 6/17/2016 P1565 Index,1565,1.800000e+00,2.300000e+00,1,0,977,1039
SPX US 6/17/2016 C1570 Index,1570,4.785000e+02,4.821000e+02,0,0,10,9
SPX US 6/17/2016 P1570 Index,1570,1.850000e+00,2.350000e+00,1,0,986,996
SPX US 6/17/2016 C1575 Index,1575,4.738000e+02,4.771000e+02,0,0,10,9
SPX US 6/17/2016 P1575 Index,1575,1.900000e+00,2.450000e+00,1,0,977,1138
SPX US 6/17/2016 C1580 Index,1580,4.686000e+02,4.722000e+02,0,0,10,9
SPX US 6/17/2016 P1580 Index,1580,1.950000e+00,2.500000e+00,1,0,1092,1010
SPX US 6/17/2016 C1585 Index,1585,4.637000e+02,4.673000e+02,0,0,10,9
SPX US 6/17/2016 P1585 Index,1585,2,2.550000e+00,1,0,1089,977
SPX US 6/17/2016 C1590 Index,1590,459,4.623000e+02,0,0,10,9
SPX US 6/17/2016 P1590 Index,1590,2.050000e+00,2.650000e+00,1,0,1103,1108
SPX US 6/17/2016 C1595 Index,1595,4.541000e+02,4.574000e+02,0,0,10,9
SPX US 6/17/2016 P1595 Index,1595,2.150000e+00,2.700000e+00,1,0,1054,930
SPX US 6/17/2016 C1600 Index,1600,4.489000e+02,4.525000e+02,0,0,10,9
SPX US 6/17/2016 P1600 Index,1600,2.200000e+00,2.800000e+00,1,0,999,1097
SPX US 6/17/2016 C1605 Index,1605,444,4.476000e+02,0,0,10,9
SPX US 6/17/2016 P1605 Index,1605,2.300000e+00,2.850000e+00,1,0,918,991
SPX US 6/17/2016 C1610 Index,1610,4.393000e+02,4.426000e+02,0,0,10,9
SPX US 6/17/2016 P1610 Index,1610,2.350000e+00,2.950000e+00,1,0,966,1046
SPX US 6/17/2016 C1615 Index,1615,4.344000e+02,4.377000e+02,0,0,10,9
SPX US 6/17/2016 P1615 Index,1615,2.450000e+00,3,1,0,909,927
SPX US 6/17/2016 C1620 Index,1620,4.293000e+02,4.326000e+02,0,0,10,9
SPX US 6/17/2016 P1620 Index,1620,2.500000e+00,3.100000e+00,1,0,1031,932
SPX US 6/17/2016 C1625 Index,1625,4.244000e+02,4.277000e+02,0,0,10,9
SPX US 6/17/2016 P1625 Index,1625,2.600000e+00,3.200000e+00,1,0,1030,895
SPX US 6/17/2016 C1630 Index,1630,4.197000e+02,423,0,0,10,9
SPX US 6/17/2016 P1630 Index,1630,2.700000e+00,3.300000e+00,1,0,880,1004
SPX US 6/17/2016 C1635 Index,1635,4.146000e+02,4.181000e+02,0,0,10,9
SPX US 6/17/2016 P1635 Index,1635,2.750000e+00,3.400000e+00,1,0,992,1009
SPX US 6/17/2016 C1640 Index,1640,4.097000e+02,4.132000e+02,0,0,10,9
SPX US 6/17/2016 P1640 Index,1640,2.850000e+00,3.500000e+00,1,0,987,975
SPX US 6/17/2016 C1645 Index,1645,4.048000e+02,4.083000e+02,0,0,10,9
SPX US 6/17/2016 P1645 Index,1645,2.950000e+00,3.600000e+00,1,0,960,959
SPX US 6/17/2016 C1650 Index,1650,3.999000e+02,4.034000e+02,0,0,10,9
SPX US 6/17/2016 P1650 Index,1650,3,3.700000e+00,1,0,1089,939
SPX US 6/17/2016 C1655 Index,1655,395,3.985000e+02,0,0,10,9
SPX US 6/17/2016 P1655 Index,1655,3.100000e+00,3.800000e+00,1,0,1079,906
SPX US 6/17/2016 C1660 Index,1660,3.901000e+02,3.934000e+02,0,0,22,9
SPX US 6/17/2016 P1660 Index,1660,3.200000e+00,3.900000e+00,1,0,1079,867
SPX US 6/17/2016 C1665 Index,1665,3.855000e+02,3.887000e+02,0,0,22,9
SPX US 6/17/2016 P1665 Index,1665,3.300000e+00,4,1,0,1055,851
SPX US 6/17/2016 C1670 Index,1670,3.806000e+02,3.838000e+02,0,0,10,9
SPX US 6/17/2016 P1670 Index,1670,3.500000e+00,4.200000e+00,1,0,821,1067
SPX US 6/17/2016 C1675 Index,1675,3.755000e+02,379,0,0,9,22
SPX US 6/17/2016 P1675 Index,1675,3.600000e+00,4.300000e+00,1,0,946,916
SPX US 6/17/2016 C1680 Index,1680,3.709000e+02,3.741000e+02,0,0,9,22
SPX US 6/17/2016 P1680 Index,1680,3.700000e+00,4.400000e+00,1,0,995,800
SPX US 6/17/2016 C1685 Index,1685,366,3.692000e+02,0,0,9,10
SPX US 6/17/2016 P1685 Index,1685,3.800000e+00,4.500000e+00,1,0,983,772
SPX US 6/17/2016 C1690 Index,1690,3.612000e+02,3.644000e+02,0,0,9,10
SPX US 6/17/2016 P1690 Index,1690,4,4.700000e+00,1,0,934,792
SPX US 6/17/2016 C1695 Index,1695,3.561000e+02,3.593000e+02,0,0,9,10
SPX US 6/17/2016 P1695 Index,1695,4.100000e+00,4.800000e+00,1,0,915,773
SPX US 6/17/2016 C1700 Index,1700,3.515000e+02,3.547000e+02,0,0,9,10
SPX US 6/17/2016 P1700 Index,1700,4.300000e+00,5,1,0,791,867
SPX US 6/17/2016 C1705 Index,1705,3.467000e+02,3.498000e+02,0,0,9,10
SPX US 6/17/2016 P1705 Index,1705,4.400000e+00,5.200000e+00,1,0,958,901
SPX US 6/17/2016 C1710 Index,1710,3.416000e+02,3.448000e+02,0,0,9,10
SPX US 6/17/2016 P1710 Index,1710,4.600000e+00,5.300000e+00,1,0,830,762
SPX US 6/17/2016 C1715 Index,1715,3.368000e+02,3.402000e+02,0,0,9,10
SPX US 6/17/2016 P1715 Index,1715,4.800000e+00,5.500000e+00,1,0,761,801
SPX US 6/17/2016 C1720 Index,1720,3.321000e+02,3.354000e+02,0,0,12,9
SPX US 6/17/2016 P1720 Index,1720,5,5.700000e+00,1,0,30,823
SPX US 6/17/2016 C1725 Index,1725,3.274000e+02,3.305000e+02,0,0,10,9
SPX US 6/17/2016 P1725 Index,1725,5.200000e+00,5.900000e+00,1,0,30,789
SPX US 6/17/2016 C1730 Index,1730,3.226000e+02,3.257000e+02,0,0,22,9
SPX US 6/17/2016 P1730 Index,1730,5.400000e+00,6.100000e+00,1,0,30,823
SPX US 6/17/2016 C1735 Index,1735,3.178000e+02,3.209000e+02,0,0,22,9
SPX US 6/17/2016 P1735 Index,1735,5.600000e+00,6.300000e+00,1,0,30,802
SPX US 6/17/2016 C1740 Index,1740,3.131000e+02,3.162000e+02,0,0,22,9
SPX US 6/17/2016 P1740 Index,1740,5.800000e+00,6.500000e+00,1,0,30,768
SPX US 6/17/2016 C1745 Index,1745,3.081000e+02,3.114000e+02,0,0,22,9
SPX US 6/17/2016 P1745 Index,1745,6,6.700000e+00,1,0,617,720
SPX US 6/17/2016 C1750 Index,1750,3.033000e+02,3.064000e+02,0,0,22,9
SPX US 6/17/2016 P1750 Index,1750,6.200000e+00,7,1,0,648,857
SPX US 6/17/2016 C1755 Index,1755,2.988000e+02,3.018000e+02,0,0,21,9
SPX US 6/17/2016 P1755 Index,1755,6.400000e+00,7.200000e+00,1,0,833,778
SPX US 6/17/2016 C1760 Index,1760,2.938000e+02,2.971000e+02,0,0,22,9
SPX US 6/17/2016 P1760 Index,1760,6.600000e+00,7.400000e+00,1,0,799,687
SPX US 6/17/2016 C1765 Index,1765,2.891000e+02,2.921000e+02,0,0,22,9
SPX US 6/17/2016 P1765 Index,1765,6.900000e+00,7.700000e+00,1,0,791,767
SPX US 6/17/2016 C1770 Index,1770,2.846000e+02,2.876000e+02,0,0,10,9
SPX US 6/17/2016 P1770 Index,1770,7.100000e+00,8,1,0,841,829
SPX US 6/17/2016 C1775 Index,1775,2.798000e+02,2.828000e+02,0,0,22,9
SPX US 6/17/2016 P1775 Index,1775,7.400000e+00,8.200000e+00,1,0,813,696
SPX US 6/17/2016 C1780 Index,1780,2.751000e+02,2.781000e+02,0,0,22,9
SPX US 6/17/2016 P1780 Index,1780,7.700000e+00,8.500000e+00,1,0,635,727
SPX US 6/17/2016 C1785 Index,1785,2.702000e+02,2.732000e+02,0,0,22,9
SPX US 6/17/2016 P1785 Index,1785,7.900000e+00,8.800000e+00,1,0,846,742
SPX US 6/17/2016 C1790 Index,1790,2.655000e+02,2.685000e+02,0,0,22,9
SPX US 6/17/2016 P1790 Index,1790,8.200000e+00,9.100000e+00,1,0,823,739
SPX US 6/17/2016 C1795 Index,1795,2.608000e+02,2.638000e+02,0,0,22,9
SPX US 6/17/2016 P1795 Index,1795,8.500000e+00,9.400000e+00,1,0,814,718
SPX US 6/17/2016 C1800 Index,1800,2.564000e+02,2.593000e+02,0,0,10,9
SPX US 6/17/2016 P1800 Index,1800,8.800000e+00,9.700000e+00,1,0,824,674
SPX US 6/17/2016 C1805 Index,1805,2.515000e+02,2.546000e+02,0,0,22,9
SPX US 6/17/2016 P1805 Index,1805,9.200000e+00,10,1,0,624,627
SPX US 6/17/2016 C1810 Index,1810,2.471000e+02,250,0,0,10,9
SPX US 6/17/2016 P1810 Index,1810,9.500000e+00,1.040000e+01,1,0,795,688
SPX US 6/17/2016 C1815 Index,1815,2.422000e+02,2.453000e+02,0,0,22,9
SPX US 6/17/2016 P1815 Index,1815,9.900000e+00,1.070000e+01,1,0,588,610
SPX US 6/17/2016 C1820 Index,1820,2.378000e+02,2.407000e+02,0,0,21,9
SPX US 6/17/2016 P1820 Index,1820,1.020000e+01,1.110000e+01,1,0,753,636
SPX US 6/17/2016 C1825 Index,1825,2.332000e+02,236,0,0,21,9
SPX US 6/17/2016 P1825 Index,1825,1.060000e+01,1.150000e+01,1,0,750,645
SPX US 6/17/2016 C1830 Index,1830,2.286000e+02,2.314000e+02,0,0,21,9
SPX US 6/17/2016 P1830 Index,1830,11,1.190000e+01,1,0,730,639
SPX US 6/17/2016 C1835 Index,1835,2.241000e+02,2.268000e+02,0,0,10,9
SPX US 6/17/2016 P1835 Index,1835,1.140000e+01,1.230000e+01,1,0,729,619
SPX US 6/17/2016 C1840 Index,1840,2.195000e+02,2.223000e+02,0,0,10,9
SPX US 6/17/2016 P1840 Index,1840,1.180000e+01,1.270000e+01,1,0,747,584
SPX US 6/17/2016 C1845 Index,1845,2.149000e+02,2.177000e+02,0,0,10,9
SPX US 6/17/2016 P1845 Index,1845,1.220000e+01,1.320000e+01,1,0,850,714
SPX US 6/17/2016 C1850 Index,1850,2.104000e+02,2.131000e+02,0,0,10,9
SPX US 6/17/2016 P1850 Index,1850,1.270000e+01,1.360000e+01,1,0,703,579
SPX US 6/17/2016 C1855 Index,1855,2.059000e+02,2.086000e+02,0,0,10,9
SPX US 6/17/2016 P1855 Index,1855,1.320000e+01,1.410000e+01,1,0,544,604
SPX US 6/17/2016 C1860 Index,1860,2.014000e+02,2.041000e+02,0,0,10,9
SPX US 6/17/2016 P1860 Index,1860,1.360000e+01,1.460000e+01,1,0,795,679
SPX US 6/17/2016 C1865 Index,1865,1.969000e+02,1.996000e+02,0,0,10,9
SPX US 6/17/2016 P1865 Index,1865,1.410000e+01,1.510000e+01,1,0,779,671
SPX US 6/17/2016 C1870 Index,1870,1.924000e+02,1.951000e+02,0,0,10,9
SPX US 6/17/2016 P1870 Index,1870,1.460000e+01,1.560000e+01,1,0,728,585
SPX US 6/17/2016 C1875 Index,1875,188,1.906000e+02,0,0,10,9
SPX US 6/17/2016 P1875 Index,1875,1.520000e+01,1.610000e+01,1,0,535,544
SPX US 6/17/2016 C1880 Index,1880,1.836000e+02,1.861000e+02,0,0,10,9
SPX US 6/17/2016 P1880 Index,1880,1.570000e+01,1.670000e+01,1,0,686,583
SPX US 6/17/2016 C1885 Index,1885,1.791000e+02,1.817000e+02,0,0,10,9
SPX US 6/17/2016 P1885 Index,1885,1.630000e+01,1.720000e+01,1,0,541,30
SPX US 6/17/2016 C1890 Index,1890,1.748000e+02,1.773000e+02,0,0,10,9
SPX US 6/17/2016 P1890 Index,1890,1.690000e+01,1.780000e+01,1,0,526,30
SPX US 6/17/2016 C1895 Index,1895,1.704000e+02,1.729000e+02,0,0,10,9
SPX US 6/17/2016 P1895 Index,1895,1.750000e+01,1.840000e+01,1,0,580,90
SPX US 6/17/2016 C1900 Index,1900,1.659000e+02,1.685000e+02,0,0,10,9
SPX US 6/17/2016 P1900 Index,1900,1.810000e+01,1.910000e+01,1,0,602,553
SPX US 6/17/2016 C1905 Index,1905,1.617000e+02,1.641000e+02,0,0,28,30
SPX US 6/17/2016 P1905 Index,1905,1.880000e+01,1.970000e+01,1,0,553,90
SPX US 6/17/2016 C1910 Index,1910,1.574000e+02,1.598000e+02,0,0,28,39
SPX US 6/17/2016 P1910 Index,1910,1.940000e+01,2.040000e+01,1,0,782,90
SPX US 6/17/2016 C1915 Index,1915,1.531000e+02,1.555000e+02,0,0,28,39
SPX US 6/17/2016 P1915 Index,1915,2.010000e+01,2.110000e+01,1,0,774,68
SPX US 6/17/2016 C1920 Index,1920,1.489000e+02,1.512000e+02,0,0,28,27
SPX US 6/17/2016 P1920 Index,1920,2.080000e+01,2.190000e+01,1,0,731,610
SPX US 6/17/2016 C1925 Index,1925,1.447000e+02,147,0,0,28,39
SPX US 6/17/2016 P1925 Index,1925,2.160000e+01,2.260000e+01,1,0,582,68
SPX US 6/17/2016 C1930 Index,1930,1.405000e+02,1.428000e+02,0,0,28,39
SPX US 6/17/2016 P1930 Index,1930,2.240000e+01,2.340000e+01,1,0,570,68
SPX US 6/17/2016 C1935 Index,1935,1.363000e+02,1.386000e+02,0,0,28,39
SPX US 6/17/2016 P1935 Index,1935,2.320000e+01,2.430000e+01,1,0,535,545
SPX US 6/17/2016 C1940 Index,1940,1.322000e+02,1.345000e+02,0,0,28,39
SPX US 6/17/2016 P1940 Index,1940,2.410000e+01,2.510000e+01,1,0,543,68
SPX US 6/17/2016 C1945 Index,1945,1.281000e+02,1.303000e+02,0,0,28,39
SPX US 6/17/2016 P1945 Index,1945,25,26,1,0,68,68
SPX US 6/17/2016 C1950 Index,1950,124,1.262000e+02,0,0,28,27
SPX US 6/17/2016 P1950 Index,1950,2.590000e+01,2.690000e+01,1,0,528,68
SPX US 6/17/2016 C1955 Index,1955,120,1.222000e+02,0,0,28,39
SPX US 6/17/2016 P1955 Index,1955,2.680000e+01,2.790000e+01,1,0,502,500
SPX US 6/17/2016 C1960 Index,1960,116,1.181000e+02,0,0,28,27
SPX US 6/17/2016 P1960 Index,1960,2.780000e+01,2.880000e+01,1,0,522,68
SPX US 6/17/2016 C1965 Index,1965,1.119000e+02,1.141000e+02,0,0,28,27
SPX US 6/17/2016 P1965 Index,1965,2.880000e+01,2.990000e+01,1,0,462,511
SPX US 6/17/2016 C1970 Index,1970,1.081000e+02,1.101000e+02,0,0,28,27
SPX US 6/17/2016 P1970 Index,1970,2.980000e+01,3.090000e+01,1,0,493,68
SPX US 6/17/2016 C1975 Index,1975,1.042000e+02,1.062000e+02,0,0,28,27
SPX US 6/17/2016 P1975 Index,1975,3.090000e+01,32,1,0,467,78
SPX US 6/17/2016 C1980 Index,1980,1.003000e+02,1.023000e+02,0,0,28,27
SPX US 6/17/2016 P1980 Index,1980,32,3.310000e+01,1,0,480,78
SPX US 6/17/2016 C1985 Index,1985,9.640000e+01,9.850000e+01,0,0,28,27
SPX US 6/17/2016 P1985 Index,1985,3.310000e+01,3.430000e+01,1,0,519,78
SPX US 6/17/2016 C1990 Index,1990,9.270000e+01,9.470000e+01,0,0,28,27
SPX US 6/17/2016 P1990 Index,1990,3.430000e+01,3.550000e+01,1,0,513,78
SPX US 6/17/2016 C1995 Index,1995,89,9.090000e+01,0,0,28,27
SPX US 6/17/2016 P1995 Index,1995,3.550000e+01,3.680000e+01,1,0,632,423
SPX US 6/17/2016 C2000 Index,2000,8.530000e+01,8.720000e+01,0,0,28,27
SPX US 6/17/2016 P2000 Index,2000,3.670000e+01,38,1,0,762,78
SPX US 6/17/2016 C2005 Index,2005,8.170000e+01,8.350000e+01,0,0,372,334
SPX US 6/17/2016 P2005 Index,2005,3.820000e+01,3.940000e+01,1,0,485,78
SPX US 6/17/2016 C2010 Index,2010,7.830000e+01,7.980000e+01,0,0,78,78
SPX US 6/17/2016 P2010 Index,2010,3.960000e+01,4.080000e+01,1,0,532,78
SPX US 6/17/2016 C2015 Index,2015,7.470000e+01,7.620000e+01,0,0,78,78
SPX US 6/17/2016 P2015 Index,2015,4.090000e+01,4.230000e+01,1,0,747,78
SPX US 6/17/2016 C2020 Index,2020,7.130000e+01,7.270000e+01,0,0,78,78
SPX US 6/17/2016 P2020 Index,2020,4.240000e+01,4.390000e+01,1,0,700,490
SPX US 6/17/2016 C2025 Index,2025,6.790000e+01,6.930000e+01,0,0,78,78
SPX US 6/17/2016 P2025 Index,2025,44,4.550000e+01,1,0,372,318
SPX US 6/17/2016 C2030 Index,2030,6.440000e+01,6.610000e+01,0,0,387,317
SPX US 6/17/2016 P2030 Index,2030,4.570000e+01,4.710000e+01,1,0,78,318
SPX US 6/17/2016 C2035 Index,2035,6.110000e+01,6.270000e+01,0,0,387,333
SPX US 6/17/2016 P2035 Index,2035,4.730000e+01,4.870000e+01,1,0,387,78
SPX US 6/17/2016 C2040 Index,2040,58,5.950000e+01,0,0,78,317
SPX US 6/17/2016 P2040 Index,2040,49,5.040000e+01,1,0,372,78
SPX US 6/17/2016 C2045 Index,2045,5.480000e+01,5.620000e+01,0,0,78,334
SPX US 6/17/2016 P2045 Index,2045,5.080000e+01,5.220000e+01,1,0,387,78
SPX US 6/17/2016 C2050 Index,2050,5.150000e+01,5.310000e+01,0,0,375,320
SPX US 6/17/2016 P2050 Index,2050,5.260000e+01,5.410000e+01,1,0,372,78
SPX US 6/17/2016 C2055 Index,2055,4.860000e+01,4.990000e+01,0,0,78,321
SPX US 6/17/2016 P2055 Index,2055,5.450000e+01,56,1,0,372,78
SPX US 6/17/2016 C2060 Index,2060,4.560000e+01,4.680000e+01,0,0,78,78
SPX US 6/17/2016 P2060 Index,2060,5.650000e+01,58,1,0,387,78
SPX US 6/17/2016 C2065 Index,2065,4.270000e+01,4.390000e+01,0,0,78,530
SPX US 6/17/2016 P2065 Index,2065,5.850000e+01,6.010000e+01,1,0,322,78
SPX US 6/17/2016 C2070 Index,2070,3.970000e+01,4.110000e+01,0,0,759,78
SPX US 6/17/2016 P2070 Index,2070,6.070000e+01,6.230000e+01,1,0,387,78
SPX US 6/17/2016 C2075 Index,2075,3.710000e+01,3.830000e+01,0,0,78,541
SPX US 6/17/2016 P2075 Index,2075,6.290000e+01,6.460000e+01,1,0,386,78
SPX US 6/17/2016 C2080 Index,2080,3.430000e+01,3.570000e+01,0,0,757,521
SPX US 6/17/2016 P2080 Index,2080,6.520000e+01,6.710000e+01,1,0,27,22
SPX US 6/17/2016 C2085 Index,2085,3.180000e+01,3.310000e+01,0,0,648,512
SPX US 6/17/2016 P2085 Index,2085,6.760000e+01,6.950000e+01,1,0,27,21
SPX US 6/17/2016 C2090 Index,2090,2.930000e+01,3.060000e+01,0,0,680,507
SPX US 6/17/2016 P2090 Index,2090,70,72,1,0,27,21
SPX US 6/17/2016 C2095 Index,2095,2.690000e+01,2.820000e+01,0,0,623,506
SPX US 6/17/2016 P2095 Index,2095,7.260000e+01,7.470000e+01,1,0,27,22
SPX US 6/17/2016 C2100 Index,2100,2.470000e+01,2.590000e+01,0,0,681,564
SPX US 6/17/2016 P2100 Index,2100,7.530000e+01,7.740000e+01,1,0,27,22
SPX US 6/17/2016 C2105 Index,2105,2.250000e+01,2.370000e+01,0,0,646,532
SPX US 6/17/2016 P2105 Index,2105,7.810000e+01,8.020000e+01,1,0,27,22
SPX US 6/17/2016 C2110 Index,2110,2.040000e+01,2.160000e+01,0,0,712,602
SPX US 6/17/2016 P2110 Index,2110,8.090000e+01,8.320000e+01,1,0,27,22
SPX US 6/17/2016 C2115 Index,2115,1.840000e+01,1.960000e+01,0,0,737,615
SPX US 6/17/2016 P2115 Index,2115,8.390000e+01,8.620000e+01,1,0,27,22
SPX US 6/17/2016 C2120 Index,2120,1.650000e+01,1.770000e+01,0,0,709,621
SPX US 6/17/2016 P2120 Index,2120,87,8.930000e+01,1,0,27,22
SPX US 6/17/2016 C2125 Index,2125,1.480000e+01,1.580000e+01,0,0,715,551
SPX US 6/17/2016 P2125 Index,2125,9.010000e+01,9.260000e+01,1,0,27,39
SPX US 6/17/2016 C2130 Index,2130,1.320000e+01,1.420000e+01,0,0,68,626
SPX US 6/17/2016 P2130 Index,2130,9.340000e+01,96,1,0,27,40
SPX US 6/17/2016 C2135 Index,2135,1.160000e+01,1.260000e+01,0,0,752,602
SPX US 6/17/2016 P2135 Index,2135,9.680000e+01,9.940000e+01,1,0,27,39
SPX US 6/17/2016 C2140 Index,2140,1.020000e+01,1.120000e+01,0,0,687,612
SPX US 6/17/2016 P2140 Index,2140,1.004000e+02,103,1,0,9,21
SPX US 6/17/2016 C2145 Index,2145,8.900000e+00,9.800000e+00,0,0,691,560
SPX US 6/17/2016 P2145 Index,2145,104,1.068000e+02,1,0,9,22
SPX US 6/17/2016 C2150 Index,2150,7.700000e+00,8.600000e+00,0,0,721,592
SPX US 6/17/2016 P2150 Index,2150,1.077000e+02,1.106000e+02,1,0,9,22
SPX US 6/17/2016 C2155 Index,2155,6.600000e+00,7.500000e+00,0,0,775,730
SPX US 6/17/2016 P2155 Index,2155,1.116000e+02,1.145000e+02,1,0,9,21
SPX US 6/17/2016 C2160 Index,2160,5.700000e+00,6.500000e+00,0,0,590,587
SPX US 6/17/2016 P2160 Index,2160,1.156000e+02,1.186000e+02,1,0,9,10
SPX US 6/17/2016 C2165 Index,2165,4.800000e+00,5.700000e+00,0,0,781,802
SPX US 6/17/2016 P2165 Index,2165,1.197000e+02,1.227000e+02,1,0,9,21
SPX US 6/17/2016 C2170 Index,2170,4,4.800000e+00,0,0,751,595
SPX US 6/17/2016 P2170 Index,2170,1.239000e+02,127,1,0,9,10
SPX US 6/17/2016 C2175 Index,2175,3.400000e+00,4.200000e+00,0,0,693,779
SPX US 6/17/2016 P2175 Index,2175,1.282000e+02,1.314000e+02,1,0,8,22
SPX US 6/17/2016 C2180 Index,2180,2.850000e+00,3.600000e+00,0,0,694,801
SPX US 6/17/2016 P2180 Index,2180,1.326000e+02,1.358000e+02,1,0,8,22
SPX US 6/17/2016 P2185 Index,2185,137,1.403000e+02,1,0,8,22
SPX US 6/17/2016 C2190 Index,2190,2,2.650000e+00,0,0,662,879
SPX US 6/17/2016 P2190 Index,2190,1.416000e+02,1.449000e+02,1,0,8,22
SPX US 6/17/2016 C2195 Index,2195,1.650000e+00,2.300000e+00,0,0,718,937
SPX US 6/17/2016 P2195 Index,2195,1.462000e+02,1.496000e+02,1,0,20,10
SPX US 6/17/2016 P2200 Index,2200,1.509000e+02,1.543000e+02,1,0,7,10
SPX US 6/17/2016 C2205 Index,2205,1.150000e+00,1.750000e+00,0,0,735,1023
SPX US 6/17/2016 P2205 Index,2205,1.557000e+02,1.591000e+02,1,0,7,10
SPX US 6/17/2016 C2210 Index,2210,9.500000e-01,1.500000e+00,0,0,751,904
SPX US 6/17/2016 P2210 Index,2210,1.605000e+02,1.639000e+02,1,0,7,10
SPX US 6/17/2016 C2215 Index,2215,8.000000e-01,1.350000e+00,0,0,735,1023
SPX US 6/17/2016 P2215 Index,2215,1.653000e+02,1.687000e+02,1,0,7,10
SPX US 6/17/2016 C2220 Index,2220,6.500000e-01,1.200000e+00,0,0,810,994
SPX US 6/17/2016 P2220 Index,2220,1.701000e+02,1.736000e+02,1,0,8,10
SPX US 6/17/2016 C2225 Index,2225,5.500000e-01,1.100000e+00,0,0,836,1060
SPX US 6/17/2016 P2225 Index,2225,175,1.785000e+02,1,0,8,10
SPX US 6/17/2016 C2230 Index,2230,4.500000e-01,1,0,0,902,1044
SPX US 6/17/2016 P2230 Index,2230,1.799000e+02,1.834000e+02,1,0,8,10
SPX US 6/17/2016 C2235 Index,2235,4.000000e-01,9.500000e-01,0,0,866,1151
SPX US 6/17/2016 P2235 Index,2235,1.848000e+02,1.883000e+02,1,0,8,10
SPX US 6/17/2016 C2240 Index,2240,3.500000e-01,8.500000e-01,0,0,856,1009
SPX US 6/17/2016 P2240 Index,2240,1.898000e+02,1.932000e+02,1,0,8,10
SPX US 6/17/2016 C2245 Index,2245,3.000000e-01,8.000000e-01,0,0,877,1011
SPX US 6/17/2016 P2245 Index,2245,1.947000e+02,1.982000e+02,1,0,9,10
SPX US 6/17/2016 P2250 Index,2250,1.996000e+02,2.031000e+02,1,0,9,10
SPX US 6/17/2016 C2275 Index,2275,1.000000e-01,6.500000e-01,0,0,1087,1134
SPX US 6/17/2016 P2275 Index,2275,2.245000e+02,228,1,0,9,10
SPX US 6/17/2016 P2300 Index,2300,2.493000e+02,2.529000e+02,1,0,21,10
SPX US 6/17/2016 P2325 Index,2325,2.742000e+02,2.778000e+02,1,0,22,9
SPX US 6/17/2016 P2350 Index,2350,2.992000e+02,3.027000e+02,1,0,22,9
SPX US 6/17/2016 P2375 Index,2375,3.241000e+02,3.276000e+02,1,0,22,9
SPX US 6/17/2016 P2400 Index,2400,349,3.526000e+02,1,0,9,10
SPX US 6/17/2016 P2425 Index,2425,374,3.775000e+02,1,0,9,10
SPX US 6/17/2016 P2450 Index,2450,3.989000e+02,4.024000e+02,1,0,21,22
SPX US 6/17/2016 P2500 Index,2500,4.489000e+02,4.523000e+02,1,0,12,22
